center_x,center_y,center_z,radius,start_angle,end_angle
2.81,0.5,0,0.2,0,6.283185307
3.5,1.19,0,0.2,0,6.283185307
4.19,0.5,0,0.2,0,6.283185307